Clube,Nome,Apelido,Camisa
Corinthians - SP,Abimael Pereira Maia,Bolt,0
,Adailson Freire Pereira da Silva,Adailson,0
Bahia - BA,Ademir da Silva Santos Junior,Ademir,0
Flamengo - RJ,Aderbar Melo dos Santos Neto,Santos,1
Red Bull Bragantino - SP,Aderlan de Lima Silva,Aderlan,13
America Saf - MG,Adilson dos Anjos Oliveira,Juninho,8
Flamengo - RJ,Adriel Guilherme de Moraes,Adriel,0
Bahia - BA,Adriel Vasconcelos Ramos,Adriel,0
Corinthians - SP,Adryan Bezerra Silva,Adryan Silva,0
Botafogo - RJ,Adryelson Shawann Lima Silva,Adryelson,34
,Adson Ferreira Soares,Adson,0
America Saf - MG,Adyson do Nascimento Soares,ADYSON,44
Fluminense - RJ,Agner Moura Izigethy de Souza,Agner,0
Athletico Paranaense - PR,Agustin Canobbio Graviz,Canobbio,14
Flamengo - RJ,Agustin Daniel Rossi,ROSSI,0
,Alan Douglas Borges de Carvalho,Alan,0
São Paulo - SP,Alan Javier Franco,Alan Franco,28
Atlético Mineiro - MG,Alan Kardec de Souza Pereira Junior,Alan Kardec,0
Internacional - RS,Alan Patrick Lourenço,Alan Patrick,10
Cuiabá Saf - MT,Alan Pereira Empereur,ALAN,33
Atlético Mineiro - MG,Alan Steven Franco Palma,Alan Franco,0
Grêmio - RS,Aldemir dos Santos Ferreira,Ferreira,0
,Alef Mangueira Severino Pereira,Alef Manga,0
Red Bull Bragantino - SP,Alerrandro Barra Mansa Realino de Souza,Alerrandro,9
Goiás - GO,Alesson dos Santos Batista,Alesson,27
Santos - SP,Alex de Oliveira Nascimento,Alex,0
Bahia - BA,Alex Ferreira de Souza Junior,Alex,0
Athletico Paranaense - PR,Alex Paulo Menezes Santana,Alex Santana,0
Vasco da Gama S.a.f. - RJ,Alex Teixeira Santos,Alex Teixeira,7
Tombense - MG,Alexandre de Jesus Jeruzalem Junior,Alexandre Jesus,0
America Saf - MG,Alexandre Egea,Ale,16
Atlético Mineiro - MG,Alexandre Lopes Gomes,Alexandre Lopes,0
São Paulo - SP,Alexandre Rodrigues da Silva,Alexandre Pato,0
,Alexandre Zurawski,Alexandre,0
Fluminense - RJ,Alexsander Cristhian Gomes da Costa,Alexsander,5
Fortaleza - CE,Alexsandro Amorim de Freitas Filho,Alexsandro,0
Santos - SP,Alfredo Jose Morelos Avilez,Morelos,0
Santos - SP,Alison Lopes Ferreira,Alison,5
São Paulo - SP,Alisson Euler de Freitas Castro,Alisson,7
Atlético Mineiro - MG,Alisson Santana Lopes da Fonseca,Alisson Santana,0
Atlético - GO,Alix Vinicius de Souza Sampaio,Alix,0
Palmeiras - SP,Allan Andrade Elias,Allan,0
Internacional - RS,Allan Aniz Santos da Paixão,Allan,0
Flamengo - RJ,Allan Rodrigues de Souza,Allan,0
Goiás - GO,Allano Brendon de Souza Lima,Allano,0
Cuiabá Saf - MT,Allyson Aires dos Santos,Allyson,34
America Saf - MG,Aloisio dos Santos Goncalves,Aloisio,99
,Aluisio Chaves Ribeiro Moraes Junior,Aluisio,0
Goiás - GO,Anderson de Oliveira da Silva,Anderson,0
Internacional - RS,Anderson Santos Dias Gomes,ANDERSON,0
Cruzeiro Saf - MG,Anderson Silva da Paixão,Anderson Paixão,98
Red Bull Bragantino - SP,André Cardoso da Silva Junior,André Jr.,0
Bahia - BA,Andre Dhominique Queiroz Santiago da Silva,André Dhominique,0
Grêmio - RS,Andre Henrique da Silva Martins,Andre,77
,Andre Luiz Inacio da Silva,Andre,0
Fluminense - RJ,André Trindade da Costa Neto,André,7
Coritiba S.a.f. - PR,Andreas Samaris,Samaris,0
,Andrey Nascimento dos Santos,Andrey Santos,0
Coritiba S.a.f. - PR,Andrey Ramos do Nascimento,Andrey,0
Corinthians - SP,Angel Rodrigo Romero Villamayor,Angel Romero,11
,Angelo Gabriel Borges Damaceno,Ângelo,0
Internacional - RS,Anthoni Spier Souza,Anthoni,0
Internacional - RS,Antonio David Souza de Araujo,David,0
Mirassol - SP,Antonio Francisco Moura Neto,Neto,0
Londrina - PR,Ariel Felipe Gomes da Rosa,Ariel,0
,Arielson Sampaio Galvão,Arielson,0
,Arthur Augusto de Matos Soares,Arthur,0
,Arthur de Oliveira Sales,Arthur Sales,0
Cruzeiro Saf - MG,Arthur Gomes Lourenco,Arthur Gomes,0
Corinthians - SP,Arthur Sousa Araujo,ARTHUR SOUSA,0
Fluminense - RJ,Arthur Wenderrosky Sanches,ARTHUR,0
Athletico Paranaense - PR,Arthur Zanella Koerich,Zanella,0
Palmeiras - SP,Artur Victor Guimaraes,Artur,14
Athletico Paranaense - PR,Arturo Erasmo Vidal Pardo,VIDAL,0
Atlético Mineiro - MG,Athyrson Ferreira Prates,Athyrson,0
Flamengo - RJ,Ayrton Lucas Dantas de Medeiros,Ayrton Lucas,6
Botafogo - RJ,Bartolomeu Jacinto Quissanga,Bastos,0
Coritiba S.a.f. - PR,Benjamin Kuscevic Jaramillo,BENJAMIN,0
Athletico Paranaense - PR,Bento Matheus Krepski,Bento,1
Botafogo - RJ,Bernardo da Silva Rocha Valim,Bernardo Valim,0
Fortaleza - CE,Bernardo Schappo,Bernardo,0
,Brayan Andres Ceballos Jimenez,Brayan Ceballos,0
,Brenno Oliveira Fraga Costa,Brenno,0
America Saf - MG,Breno Cascardo Lemos,Breno Lemos,0
Corinthians - SP,Breno de Souza Bidon,Bidon,0
Palmeiras - SP,Breno Henrique Vasconcelos Lopes,Breno,19
Goiás - GO,Breno Herculano Almeida,Breno,0
Santos - SP,Breno Silvano Sossai,Breno,0
Ceará - CE,Breno Washington Rodrigues da Silva,Breno,0
Goiás - GO,Bruno Araujo Santos,Bruno,19
Goiás - GO,Bruno Araujo Santos,Bruno,13
Vasco da Gama S.a.f. - RJ,Bruno Conceicao Praxedes,Praxedes,0
Athletico Paranaense - PR,Bruno da Silva Peres,Bruno Peres,0
Fortaleza - CE,Bruno de Jesus Pacheco,Bruno Pacheco,6
Atlético Mineiro - MG,Bruno de Lara Fuchs,Bruno Fuchs,3
Grêmio - RS,Bruno Fabiano Alves,Bruno Alves,34
Cruzeiro Saf - MG,Bruno Ferreira Alves,BRUNO ALVES,0
Goiás - GO,Bruno Ferreira Melo,Bruno,19
Goiás - GO,Bruno Ferreira Melo,Bruno,13
Santos - SP,Bruno Ferreira Mombra Rosa,Bruno Mezenga,88
Coritiba S.a.f. - PR,Bruno Gomes da Silva Clevelario,Bruno Gomes,0
Red Bull Bragantino - SP,Bruno Gonçalves de Jesus,Bruninho,17
Fortaleza - CE,Bruno Guimarães de Souza,Bruno,0
Internacional - RS,Bruno Henrique Corsini,Bruno,0
Flamengo - RJ,Bruno Henrique Pinto,Bruno Henrique,27
Corinthians - SP,Bruno Mendez Cittadini,Bruno Mendez,25
Cruzeiro Saf - MG,Bruno Rafael Rodrigues do Nascimento,Bruno Rodrigues,9
Grêmio - RS,Bruno Uvini Bortolanca,Uvini,15
,Bruno Viana Willemen da Silva,Bruno Viana,0
,Bruno Vinicius Souza Ramos,Bruno,0
Athletico Paranaense - PR,Bruno Zapelli,Zapelli,0
,Bryan Jahir Garcia Realpe,Bryan Garcia,0
Fortaleza - CE,Caio Alexandre Sousa E Silva,Caio,8
Atlético Mineiro - MG,Caio da Silva Maia,Caio Maia,0
Fortaleza - CE,Caio Dantas Batista de Maria,Caio Dantas,0
São Paulo - SP,Caio Fernando de Oliveira,Caio Paulista,38
Atlético Mineiro - MG,Caio Henrique Ribas Dias de Araujo,CAIO RIBAS,0
São Paulo - SP,Caio Matheus da Silva,CAIO,0
Fluminense - RJ,Caio Vinicius da Conceicao,Caio Vinicius,0
Flamengo - RJ,Caio Vinicius Garcia Guilhen,Caio,0
Grêmio - RS,Caique Luiz Santos da Purificacao,Caique,0
Fortaleza - CE,Calebe Gonçalves Ferreira da Silva,Calebe,27
Cuiabá Saf - MT,Calebe Oliveira Costa,CALEBE,0
Bahia - BA,Camilo Damian Candido Aquino,Camilo Cándido,0
Botafogo - RJ,Carlos Alberto Gomes da Silva Filho,Carlos Alberto,0
Cruzeiro Saf - MG,Carlos Daniel Gomez Ccasani,Carlos Gomez,0
Athletico Paranaense - PR,Carlos de Menezes Junior,Cacá,0
Atlético Mineiro - MG,Carlos Eduardo Amaral Pereira de Castro,Cadu,42
Santos - SP,Carlos Eduardo Bertolassi da Silva,Cadu Silva,0
Botafogo - RJ,Carlos Eduardo de Oliveira Alves,Carlos,33
Vasco da Gama S.a.f. - RJ,Carlos Eduardo Piekny Neves,Cadu Neves,0
Athletico Paranaense - PR,Carlos Eduardo Santos,Biro,0
Corinthians - SP,Carlos Gilberto do Nascimento Silva,Gil,4
Internacional - RS,Carlos Maria de Pena Bonino,Carlos de Pena,14
Corinthians - SP,Carlos Miguel dos Santos Pereira,Carlos,22
Vasco da Gama S.a.f. - RJ,Carlos Sebastian Ferreira Vidal,Sebastian Ferreira,0
Grêmio - RS,Cassio Penafiel Acosta,Cássio,0
Corinthians - SP,Cassio Ramos,Cássio,12
Vasco da Gama S.a.f. - RJ,Cauã Paixão Souza,Paixão,0
Vasco da Gama S.a.f. - RJ,Cauan Lucas Barros da Luz,Barros,88
Bahia - BA,Cauly Oliveira Souza,Cauly,0
Internacional - RS,Charles Mariano Aranguiz Sandoval,Aranguiz,0
Fortaleza - CE,Christian Chagas Tarouco,Christian,4
Athletico Paranaense - PR,Christian Roberto Alves Cardoso,Christian,88
Ceará - CE,Chrystian Amaral Barletta de Almeida,Chrystian,0
Fluminense - RJ,Claudio Rodrigues Gomes,Guga,23
Cuiabá Saf - MT,Clayson Henrique da Silva Vieira,Clayson,0
Flamengo - RJ,Cleiton Santana dos Santos,CLEITON,0
Red Bull Bragantino - SP,Cleiton Schwengber,Cleiton,1
Atlético Mineiro - MG,Cristian David Pavon,Pavon,9
Internacional - RS,Dalbert Henrique Chagas Estevão,Dalbert,0
Coritiba S.a.f. - PR,Damian Marcelino Moreno,Marcelino Moreno,0
Atlético Mineiro - MG,Daniel Borges da Silva,Daniel Borges,0
Goiás - GO,Daniel Camargo Nolasco,Nolasco,0
,Daniel de Melo Araujo Junior,Daniel JR,0
Flamengo - RJ,Daniel dos Santos Sales,Daniel Sales,0
,Daniel Felipe Ruiz Rivera,Daniel Ruiz,0
America Saf - MG,Daniel Fortunato Borges,Daniel Borges,0
Flamengo - RJ,Daniel Rogerio de Oliveira,Daniel Rogerio,0
Fluminense - RJ,Daniel Sampaio Simoes,Daniel,0
Athletico Paranaense - PR,Daniel Sergio Martins,Danielzinho,87
Botafogo - RJ,Danilo Barbosa da Silva,Danilo,5
Botafogo - RJ,Danilo das Neves Pinheiro,Tche Tche,6
Bahia - BA,Danilo Fernandes Batista,Danilo Fernandes,0
America Saf - MG,Danilo Fernando Avelar,Danilo,22
Flamengo - RJ,Darlan Batista Cobo da Silva,Darlan,0
,Darlan Pereira Mendes,Darlan,0
Fluminense - RJ,Davi Duarte Schuindt,Davi Schuindt,0
Fluminense - RJ,David Braz de Oliveira Filho,David Braz,44
São Paulo - SP,David Correa da Fonseca,David,22
Bahia - BA,David de Duarte Macedo,David Duarte,0
Palmeiras - SP,David Kauã Ramos,David,0
Flamengo - RJ,David Luiz Moreira Marinho,David Luiz,0
Botafogo - RJ,David Sousa Albino,David Sousa,0
,Deivid Washington de Souza Eugenio,Deivid Washington,0
Cuiabá Saf - MT,Denilson Alves Borges,Denilson,27
Avaí - SC,Denilson Chaves Goulart,Denilson Goulart,0
Goiás - GO,Denzel Nogueira Damasceno,DENZEL,0
Cuiabá Saf - MT,Derik Gean Severino Lacerda,DERIK,0
Cuiabá Saf - MT,Deyverson Brum Silva,Deyverson,16
Botafogo - RJ,Diego da Silva Costa,Diego Costa,0
Flamengo - RJ,Diego Damasceno dos Santos,Diego Santos,0
Sport - PE,Diego de Souza Andrade,Diego Souza,0
Atlético Mineiro - MG,Diego Fernandes Simoes,Diego Fernandes,0
Bahia - BA,Diego Gabriel Silva Rosa,Diego Rosa,0
Goiás - GO,Diego Goncalves,Diego,11
São Paulo - SP,Diego Henrique Costa Barbosa,Diego,4
Botafogo - RJ,Diego Manuel Hernandez Gonzalez,Diego Hernandez,0
Vasco da Gama S.a.f. - RJ,Dimitri Payet,Payet,0
Santos - SP,Diogenes Vinicius da Silva,Diogenes,0
Fluminense - RJ,Diogo Barbosa Mendanha,Diogo Barbosa,0
Coritiba S.a.f. - PR,Diogo Batista de Souza,Diogo Batista,0
Coritiba S.a.f. - PR,Diogo de Oliveira Barbosa,Diogo,0
Cruzeiro Saf - MG,Dorival Silva de Oliveira,DORIVAL,0
Guarani - SP,Douglas Borges,Douglas,0
Santos - SP,Douglas Moreira Fagundes,Dodi,19
Cuiabá Saf - MT,Dyego Luis da Paz Nascimento,Dyego,0
Botafogo - RJ,Dylan Antonio Talero Arredondo,Dylan,0
Coritiba S.a.f. - PR,Eberth Araujo Nogueira,Eberth,0
Santos - SP,Ed Carlos de Arruda Amorim,Ed Carlos,0
Atlético Mineiro - MG,Edenilson Andrade dos Santos,Edenilson,8
America Saf - MG,Eder Ferreira Graminho,Eder,33
Avaí - SC,Eder Maciel Lopes,Edinho,0
Bahia - BA,Edivan Vitor da Silva Junior,Juninho,0
Palmeiras - SP,Edney Henrique Santos da Silva,EDNEY,0
Palmeiras - SP,Eduard Andres Atuesta Velasco,Atuesta,0
Red Bull Bragantino - SP,Eduardo Colcenti Antunes,Eduardo Sasha,19
Botafogo - RJ,Eduardo Fernandes Rodrigues de Souza,Eduardo,0
,Eduardo Gabriel dos Santos Bauermann,Eduardo,0
Red Bull Bragantino - SP,Eduardo Gonzaga Mendes Santos,Eduardo,26
Atlético Mineiro - MG,Eduardo Jesus Vargas Rojas,Vargas,11
Athletico Paranaense - PR,Eduardo Kogitzki Anastacio,Dudu,0
Coritiba S.a.f. - PR,Eduardo Nascimento da Silva Junior,Edu,0
Palmeiras - SP,Eduardo Pereira Rodrigues,Dudu,7
,Eduardo Santos Queiroz,Eduardo Santos Queiroz,0
Goiás - GO,Eduardo Simioni,Simioni,0
Cuiabá Saf - MT,Eduardo Vinicius Rodrigues dos Santos,Eduardo,0
,Eguinaldo de Sousa Lemos,Eguinaldo,0
Fortaleza - CE,Emanuel Britez,Britez,19
,Emanuel Pereira dos Santos,Emanuel Pereira,0
Internacional - RS,Emerson Fabiano Kerber Junior,Emerson Junior,12
Cuiabá Saf - MT,Emerson Ramon Bezerra Oliveira,Emerson,17
Athletico Paranaense - PR,Emersonn Correia da Silva,Emersonn,0
Palmeiras - SP,Endrick Felipe Moreira de Sousa,Endrick,9
Internacional - RS,Enner Remberto Valencia Lastra,Valencia,0
Bahia - BA,Eric dos Santos do Carmo,Eric,0
Red Bull Bragantino - SP,Eric dos Santos Rodrigues,Eric Ramires,7
Flamengo - RJ,Erick Antonio Pulgar Farfan,Erick Pulgar,0
Athletico Paranaense - PR,Erick Luis Conrado Carvalho,Erick,26
Vasco da Gama S.a.f. - RJ,Erick Marcus dos Santos Oliveira do Carmo,Erick Marcus,16
Fluminense - RJ,Erick Nunes Barbosa dos Santos,Erick,0
São Paulo - SP,Erison Danilo de Souza,Erison,0
America Saf - MG,Esteban Rodrigo Burgos,Esteban Burgos,0
Internacional - RS,Estevao Barreto de Oliveira,Estevao,26
Palmeiras - SP,Estevao Willian Almeida de Oliveira Goncalves,Estevão,0
Flamengo - RJ,Euder Galdino da Silva,Euder,0
America Saf - MG,Everaldo Silva do Nascimento,Everaldo,37
Bahia - BA,Everaldo Stum,Everaldo,0
Atlético Mineiro - MG,Everson Felipe Marques Pires,Everson,22
Flamengo - RJ,Everton Augusto de Barros Ribeiro,Éverton Ribeiro,7
Grêmio - RS,Everton Galdino Moreira,Galdino,13
Londrina - PR,Everton Macedo Moraes,Everton,0
Goiás - GO,Everton Morelli Casimiro,Morelli,40
Flamengo - RJ,Everton Sousa Soares,Everton,11
Red Bull Bragantino - SP,Everton Tiago Barella de Souza Messias,Everton,43
Flamengo - RJ,Evertton Gustavo Fernandes Araujo,Evertton,0
Goiás - GO,Ezequiel Alves de Oliveira Vieira,Ezequiel,0
,Fabian Cornelio Balbuena Gonzalez,Balbuena,0
Botafogo - RJ,Fabiano Rodrigues Pereira,Fabiano,0
Fluminense - RJ,Fabio Deivson Lopes Maciel,Fabio,1
Grêmio - RS,Fabio Pereira da Silva,Fabio,0
Corinthians - SP,Fabio Santos Romeu,Fabio Santos,6
Palmeiras - SP,Fabio Silva de Freitas,Fabinho,35
Flamengo - RJ,Fabricio Bruno Soares de Faria,Fabricio Bruno,15
Fortaleza - CE,Fabrício Dias Afonso,Fabrício,0
Red Bull Bragantino - SP,Fabricio Oliveira de Souza,Fabricio,0
Internacional - RS,Fabricio Tomas Bustos Sein,BUSTOS,0
Corinthians - SP,Fagner Conserva Lemos,Fagner,23
Corinthians - SP,Fausto Mariano Vera,Fausto,5
Atlético Mineiro - MG,Federico Matias Zaracho,Zaracho,15
São Paulo - SP,Felipe Alves Raymundo,Felipe,1
Corinthians - SP,Felipe Augusto da Silva,Felipe Augusto,0
America Saf - MG,Felipe Azevedo dos Santos,Felipe Azevedo,11
Athletico Paranaense - PR,Felipe Chiqueti Bandeira,Chiqueti,0
Flamengo - RJ,Felipe de Almeida Lima,Felipe,0
Fluminense - RJ,Felipe de Andrade Vieira,Felipe Andrade,0
Red Bull Bragantino - SP,Felipe de Souza Motta Marins,Felipe Motta,0
Flamengo - RJ,Felipe Gabriel Cunha Teresa,FELIPE GABRIEL,0
Grêmio - RS,Felipe Ignacio Carballo Ares,Carballo,0
Santos - SP,Felipe Jonatan Rocha Andrade,Felipe,3
Corinthians - SP,Felipe Longo Fernandes da Silva,FELIPE,0
Grêmio - RS,Felipe Mateus Scheibig,Felipe,41
Fluminense - RJ,Felipe Melo de Carvalho,Felipe Melo,30
São Paulo - SP,Felipe Negrucci Berdague,Felipe,1
Avaí - SC,Fellipe Ramos Ignez Bastos,Fellipe Bastos,0
Athletico Paranaense - PR,Fernando Augusto Pereira Bueno Junior,Fernando,6
Cruzeiro Saf - MG,Fernando Henrique do Nascimento Pereira,Fernando,0
Athletico Paranaense - PR,Fernando Luiz Roza,Fernandinho,5
Botafogo - RJ,Fernando Marcal de Oliveira,Marcal,0
Fortaleza - CE,Fernando Miguel Kaufmann,Fernando Miguel,16
Athletico Paranaense - PR,Fernando Nava Ortega,Fernando Nava,0
Cuiabá Saf - MT,Fernando Pereira do Nascimento,Fernando,88
Cuiabá Saf - MT,Filipe Augusto Carvalho Souza,Filipe Augusto,5
Flamengo - RJ,Filipe Luis Kasmirski,Filipe Luís,0
Botafogo - RJ,Francisco das Chagas Soares dos Santos,Tiquinho,9
Flamengo - RJ,Francisco Dyogo Bento Alves,Dyogo,0
Fluminense - RJ,Francisco Jose Freire de Freitas,Freitas,0
Bahia - BA,Francisco Vitor Silva Costa,Jacare,0
Grêmio - RS,Franco Sebastian Cristaldo,Cristaldo,19
Coritiba S.a.f. - PR,Fransergio Rodrigues Barbosa,Fransergio,0
Grêmio - RS,Freddy Ariel Noguera Rolon,Freddy,0
Botafogo - RJ,Gabriel Appelt Pires,Gabriel,14
Atlético Mineiro - MG,Gabriel Atila Cardoso da Silva,Gabriel Átila,0
Atlético - GO,Gabriel Baralhas dos Santos,Gabriel  Baralhas,0
Flamengo - RJ,Gabriel Barbosa Almeida,Gabriel Barbosa,10
Coritiba S.a.f. - PR,Gabriel Boschilia,Gabriel,0
Red Bull Bragantino - SP,Gabriel Caetano Godoy de Andrade,Caetano,0
Internacional - RS,Gabriel Carvalho Teixeira,Gabriel,0
,Gabriel Cordeiro Pirani,Gabriel Pirani,0
Red Bull Bragantino - SP,Gabriel da Silva Moyses,Gabriel,0
Internacional - RS,Gabriel de Sousa Barros,Gabriel Barros,0
Santos - SP,Gabriel de Souza Inocencio,Gabriel,12
Atlético Mineiro - MG,Gabriel Delfim Ferreira,Gabriel Delfim,1
Vasco da Gama S.a.f. - RJ,Gabriel Dias de Oliveira,Gabriel Dias,0
Palmeiras - SP,Gabriel dos Santos Silva,Gabriel (Vareta),0
Vasco da Gama S.a.f. - RJ,Gabriel Fortes Chaves,Gabriel Pec,11
Internacional - RS,Gabriel Girotto Franco,Gabriel,0
Grêmio - RS,Gabriel Hamester Grando,Gabriel Grando,12
Corinthians - SP,Gabriel Henrique Soares da Silva,Gabriel,0
Internacional - RS,Gabriel Ivan Mercado,Gabriel Mercado,25
Cruzeiro Saf - MG,Gabriel Jose Ferreira Mesquita,Gabriel Mesquita,0
Bahia - BA,Gabriel Lheman Xavier,Gabriel Xavier,0
São Paulo - SP,Gabriel Neves Perdomo,Gabriel Neves,20
Goiás - GO,Gabriel Novaes Fernandes,Gabriel Novaes,0
Athletico Paranaense - PR,Gabriel Roberto Pereira,Gabriel Pereira,0
Coritiba S.a.f. - PR,Gabriel Silva Azevedo Figueredo,Gabriel Silva,0
Corinthians - SP,Gabriel Silva Moscardo de Salles,Moscardo,0
Bahia - BA,Gabriel Teixeira Aragao,Biel,0
Botafogo - RJ,Gabriel Toebe Studt,GABRIEL,0
Coritiba S.a.f. - PR,Gabriel Vasconcelos Ferreira,Gabriel,0
Palmeiras - SP,Gabriel Vinicius Menino,Gabriel Menino,25
Cuiabá Saf - MT,Gabryel Vinicius Araújo Freitas,Gabryel,0
Vasco da Gama S.a.f. - RJ,Gary Alexis Medel Soto,Medel,0
Fortaleza - CE,Geilson de Souza Alves,Geilson,0
Fluminense - RJ,German Ezequiel Cano,German Cano,14
Flamengo - RJ,Gerson Santos da Silva,Gerson,20
Palmeiras - SP,Gilberto Junior Leite dos Santos,Gilberto,0
Bahia - BA,Gilberto Moraes Junior,Gilberto,0
Cruzeiro Saf - MG,Gilberto Oliveira Souza Junior,Gilberto,21
Flamengo - RJ,Giorgian Daniel de Arrascaeta Benedetti,De Arrascaeta,0
Corinthians - SP,Giovane Santana do Nascimento,Giovane Nascimento,0
,Giovani Henrique Amorim da Silva,Giovani,0
Fluminense - RJ,Giovanni Manson Ribeiro,Giovanni,37
São Paulo - SP,Giuliano Galoppo,Galoppo,0
Corinthians - SP,Giuliano Victor de Paula,Giuliano,20
Atlético Mineiro - MG,Givanildo Vieira de Sousa,Hulk,7
Fortaleza - CE,Glaybson Yago Souza Lisbôa,Yago,22
Fortaleza - CE,Gonzalo Daniel Escobar,Escobar,0
America Saf - MG,Gonzalo Mathias Mastriani Borges,Gonzalo Mastriani,17
Atlético Mineiro - MG,Guilherme Antonio Arana Lopes,Guilherme Arana,0
Coritiba S.a.f. - PR,Guilherme Aquino Vargas dos Santos,Guilherme Aquino,0
Fortaleza - CE,Guilherme Augusto Vieira dos Santos,Guilherme Augusto,29
São Paulo - SP,Guilherme Batista da Silva Americo,Guilherme Batista,0
Goiás - GO,Guilherme Costa Marques,Guilherme,60
Santos - SP,Guilherme de Aguiar Camacho,Camacho,29
Fortaleza - CE,Guilherme de Jesus da Silva,Guilherme,2
Internacional - RS,Guilherme de Jesus Lima,GUILHERME,0
Red Bull Bragantino - SP,Guilherme Lopes de Almeida,Guilherme,31
Cruzeiro Saf - MG,Guilherme Meira Ferreira Alves,Gui Meira,0
Bahia - BA,Guilherme Santos Brito,Guilherme Brito,0
Corinthians - SP,Guilherme Sucigan Mafra Cunha,Guilherme Biro,0
Flamengo - RJ,Guillermo Varela Olivera,Varela,2
Fluminense - RJ,Gustavo Abreu Dohmann,Dohmann,0
,Gustavo Affonso Sauerbeck,Gustavo,0
Internacional - RS,Gustavo Campanharo,Gustavo,17
Grêmio - RS,Gustavo Cesar Mendonça Gravino,Gustavo,17
Palmeiras - SP,Gustavo Garcia dos Santos,Gustavo Garcia,32
Corinthians - SP,Gustavo Henric da Silva,Mosquito,0
Red Bull Bragantino - SP,Gustavo Henrique da Silva,Gustavo Henrique,0
Cuiabá Saf - MT,Gustavo Henrique Ribeiro de Moraes,Gustavo,0
,Gustavo Marques Alves dos Santos,Gustavo,0
Grêmio - RS,Gustavo Martins de Souza Santos,G. Martins,0
Santos - SP,Gustavo Nonato Santana,Nonato,0
Grêmio - RS,Gustavo Nunes Fernandes Gomes,Gustavo,17
Internacional - RS,Gustavo Prado Alves,Gustavo,17
Fluminense - RJ,Gustavo Ramalho Bremer Pinto,Gustavo Ramalho,0
Palmeiras - SP,Gustavo Raul Gomez Portillo,Gustavo Gomez,15
Red Bull Bragantino - SP,Gustavo Reis de Alcantara,Gustavo Reis,0
Red Bull Bragantino - SP,Gustavo Ribeiro Neves,Gustavinho,22
Maringa Futebol Clube S.a.f. - PR,Gustavo Vilar dos Santos,Gustavo,0
Goiás - GO,Gustavo Xavier Teixeira,Xavier,0
Abc - RN,Habraão Lincon do Nascimento Saraiva,Habraão,0
Goiás - GO,Halerrandrio dos Santos Feitosa,Halerrandrio,0
Coritiba S.a.f. - PR,Hayner Willian Monjardim Cordeiro,Hayner,0
Vasco da Gama S.a.f. - RJ,Hedhe Halls Rocha da Silva,Halls,0
Cruzeiro Saf - MG,Helibelton Palacios Zapata,Palacios,0
Red Bull Bragantino - SP,Helio Junio Nunes de Castro,Helinho,11
Coritiba S.a.f. - PR,Henrique Adriano Buss,Henrique,0
Vila Nova - GO,Henrique Almeida Caixeta Nascentes,H. Almeida,0
Cruzeiro Saf - MG,Henrique Fernandes da Silva,Henrique,0
Cruzeiro Saf - MG,Henrique Rodrigues Cardoso,Henrique,0
Botafogo - RJ,Henrique Vermudt,Henrique Vermudt,0
Red Bull Bragantino - SP,Henry David Mosquera Sanchez,Henry Mosquera,16
Fortaleza - CE,Hercules Pereira do Nascimento,HERCULES,35
Atlético - GO,Heron Crespo da Silva,Heron Crespo,0
Corinthians - SP,Higor Augusto Farias de Oliveira,HIGOR,0
Goiás - GO,Higor Matheus Meritao,Higor,0
,Horacio Gabriel Carabajal,Carabajal,0
Cruzeiro Saf - MG,Hueglo dos Santos Neris,Neris,27
,Hugo de Souza Nogueira,Hugo,0
Goiás - GO,Hugo Ferreira de Farias,Hugo,66
Botafogo - RJ,Hugo Gonçalves Ferreira Neto,Hugo,0
Internacional - RS,Hugo Mallo Novegil,Hugo Mallo,0
Athletico Paranaense - PR,Hugo Moura Arruda da Silva,Hugo Moura,17
Atlético Mineiro - MG,Hyoran Kaue Dalmoro,Hyoran,20
America Saf - MG,Iago Justen Maidana Martins,Iago,3
Flamengo - RJ,Iago Teodoro Silva Nogueira,IAGO,0
Palmeiras - SP,Ian Custodio dos Anjos,Ian,0
Cruzeiro Saf - MG,Ian Luccas Baroni Boetto,Ian,0
São Paulo - SP,Iba Ly,Iba Ly,0
Bahia - BA,Icaro Gabriel Oliveira Peixoto,Icaro,0
America Saf - MG,Ighor Gabryel Vieira Gonçalves,Ighor Gabriel,0
Red Bull Bragantino - SP,Ignacio Jesus Laquintana Marsico,Nacho Laquintana,44
Botafogo - RJ,Igo Gabriel Santos Pereira,Igo Gabriel,52
Grêmio - RS,Igor Eduardo Schlemper,Igor,0
Internacional - RS,Igor Gomes Silva,Igor Gomes,21
Flamengo - RJ,Igor Jesus Lima,Igor Jesus,48
,Igor Marques Paciencia Cardoso,Igor Marques Paciencia Cardoso,0
,Igor Matheus Liziero Pereira,Liziero,0
Atlético Mineiro - MG,Igor Rabello da Costa,Igor,0
Atlético Mineiro - MG,Igor Silveira Gomes,Igor Gomes,17
São Paulo - SP,Igor Vinicius de Souza,Igor,0
Fortaleza - CE,Imanol Javier Machuca,Machuca,0
Atlético Mineiro - MG,Isaac Aguiar Tomich,Isaac,41
Fluminense - RJ,Isaac Rodrigues de Lima,Isaac,32
Fluminense - RJ,Isaque Severino Silva,Isaque,0
Cuiabá Saf - MT,Isidro Miguel Pitta Saldivar,PITTA,9
Coritiba S.a.f. - PR,Islam Slimani,Slimani,0
Cruzeiro Saf - MG,Italo Isaac Pereira Lourenco,Italo,0
Cuiabá Saf - MT,Itaro Patric Cardoso Calmon,Patric,94
Vitória - BA,Iury Lirio Freitas de Castilho,Iury,0
Vasco da Gama S.a.f. - RJ,Ivan Quaresma da Silva,Ivan,97
Botafogo - SP,Ivonei Junior da Silva Rabelo,Ivonei,0
Goiás - GO,Jackson Diego Ibraim Fagundes,Jackson,20
Botafogo - RJ,Jacob Christian Montes,Jacob,0
Red Bull Bragantino - SP,Jadsom Meemyas de Oliveira da Silva,Jadsom Silva,5
Atlético Mineiro - MG,Jadson Alves de Lima,Jadson,0
Palmeiras - SP,Jailson Marques Siqueira,Jailson,0
Santos - SP,Jair Paula da Cunha Filho,Jair Paula,0
Vasco da Gama S.a.f. - RJ,Jair Rodrigues Junior,Jair,8
Coritiba S.a.f. - PR,Jamerson Santos de Jesus,Jamerson,0
São Paulo - SP,James David Rodriguez Rubio,James Rodriguez,0
Botafogo - RJ,Janderson de Carvalho Costa,Janderson,39
São Paulo - SP,Jandrei Chitolina Carniel,Jandrei,93
Flamengo - RJ,Jean Carlos da Silva Lima,Jean Carlos,0
Internacional - RS,Jean Dias da Costa,Jean Dias,38
Coritiba S.a.f. - PR,Jean Gabriel Silveira,Jean Gabriel,0
Coritiba S.a.f. - PR,Jean Henrique Carneiro Pedroso,Jean,0
Santos - SP,Jean Lucas de Souza Oliveira,Jean,0
Vasco da Gama S.a.f. - RJ,Jefferson Junio Antonio da Silva,Jefferson Junio,0
Botafogo - RJ,Jefferson Maciel Bento,JEFFERSON,0
Atlético Mineiro - MG,Jemerson de Jesus Nascimento,Jemerson,34
Coritiba S.a.f. - PR,Jesé Rodriguez Ruiz,Jesé Rodriguez,0
São Paulo - SP,Jhegson Sebastian Mendez Carabali,Sebastian Mendez,21
,Jhoanner Stalin Chavez Quintero,Chavez,0
Fluminense - RJ,Jhon Adolfo Arias Andrade,Jhon Arias,21
Grêmio - RS,Jhonata Robert Alves da Silva,Jhonata Robert,0
Palmeiras - SP,Jhonatan dos Santos Rosa,Jhon Jhon,40
Internacional - RS,Jhonatan Kauan Eleoterio Diogo,JHONATAN,0
Red Bull Bragantino - SP,Jhonny Cardinoti Pedro,Jhonny,0
Vitória - BA,Jhonny Lucas Flora Barboza,Jhonny,0
Cruzeiro Saf - MG,Jhosefer Raphael Januario,Jhosefer,0
Fluminense - RJ,João Batista da Cruz Santos Neto,João Neto,0
Cuiabá Saf - MT,Joao Carlos Heidemann,Joao Carlos,21
Red Bull Bragantino - SP,João Douglas de Sousa Silva,João Douglas,0
Botafogo - RJ,João Fernando Monteiro Siqueira,João Fernando,31
Fluminense - RJ,João Henrique Mendes da Silva,João Henrique (Esquerdinha),0
Santos - SP,Joao Lucas de Almeida Carvalho,Joao,0
Internacional - RS,Joao Lucas de Souza Cardoso,Joao Lucas,30
Red Bull Bragantino - SP,João Luiz da Silva Cipriano,Cipriano,0
Cruzeiro Saf - MG,Joao Marcelo Messias Ferreira,Joao Marcelo,0
Flamengo - RJ,Joao Marcos Garcia da Costa,Joao Marcos,0
São Paulo - SP,João Moreira Sanmartin Souza,João Moreira,0
Santos - SP,Joao Othavio Basso,Joao,0
Internacional - RS,Joao Paulo Dalla Corte,Dalla Corte,0
,Joao Paulo de Souza Mares,Bitello,0
Santos - SP,Joao Paulo Silva Martins,Joao Paulo,34
Cruzeiro Saf - MG,João Pedro da Cruz Oliveira,João Pedro Oliveira,0
Corinthians - SP,Joao Pedro de Sousa Rodrigues,Joao Pedro,0
Internacional - RS,Joao Pedro Dias de Oliveira,Joao Pedro,0
Botafogo - RJ,João Pedro Galvão de Carvalho,JP Galvão,0
Grêmio - RS,Joao Pedro Geraldino dos Santos Galvao,Joao Pedro,18
Grêmio - RS,Joao Pedro Maturano dos Santos,Joao Pedro,18
Vasco da Gama S.a.f. - RJ,João Pedro Murilo de Paula Morais,João Pedro,0
São Paulo - SP,João Pedro Pantiga Gomes,João Pedro,0
Grêmio - RS,Joao Pedro Ramos Oliveira Lima,Joao Ramos,0
Grêmio - RS,Joao Pedro Vilardi Pinto,Pepe,0
Atlético Mineiro - MG,Joao Rafael Macedo Pereira,Joao Rafael,0
Fortaleza - CE,Joao Ricardo Riedi,João Ricardo,0
Goiás - GO,Joao Victo Magno de Souza Machado,Joao,0
Corinthians - SP,Joao Victor Andrade Caetano,Caetano,0
Botafogo - SP,João Victor Araújo Maraninir,JOÃO,0
Bahia - BA,João Victor Broad Moreira Guimaraes,Jota,0
Santos - SP,Joao Victor de Amorim Marinho,Balao,0
Athletico Paranaense - PR,João Victor Machado Cruz,João Cruz,0
Botafogo - RJ,Joao Victor Santos Sa,Joao Victor,7
Grêmio - RS,Joao Vitor Araujo da Silva,Joao Vitor,0
Cuiabá Saf - MT,Joao Vitor Balbino Cordeiro,Joao Vitor Balbino Cordeiro,0
Coritiba S.a.f. - PR,Joao Vitor da Silva Almeida,João Vitor,0
Athletico Paranaense - PR,Joao Vitor Tavares da Mota,Joao Vitor,0
Red Bull Bragantino - SP,Joao Vitor Vallony da Silva,Da Silva,0
Cruzeiro Saf - MG,Joao Wellington Gadelha Melo de Oliveira,JAPA,0
Santos - SP,Joaquim Henrique Pereira Silva,Joaquim,28
Palmeiras - SP,Joaquin Piquerez Moreira,Joaquin Piquerez,22
Fluminense - RJ,John Kennedy Batista de Souza,John Kennedy,9
Santos - SP,John Steven Mendoza Valencia,Mendoza,0
,John Victor Maciel Furtado,John,0
America Saf - MG,Jonathan Alecxander da Silva Valerio,Jonathan Alecxander,0
São Paulo - SP,Jonathan Calleri,Calleri,9
Cuiabá Saf - MT,Jonathan Renato Barbosa,Cafu,7
Coritiba S.a.f. - PR,Jorge Vinicius Ribeiro da Silva,Jorge Vinicius,0
America Saf - MG,Joriwinnyson Santos dos Anjos Rodrigues,Joriwinnyson,0
Red Bull Bragantino - SP,Jose Andres Hurtado Cheme,Andres Hurtado,34
Botafogo - RJ,Jose Antonio dos Santos Junior,Junior,37
Vasco da Gama S.a.f. - RJ,Jose Gabriel dos Santos Silva,Zé Gabriel,0
Grêmio - RS,Jose Guilherme de Lima Costa,José Guilherme,46
Chapecoense - SC,Jose Henrique da Silva Dourado,Henrique Dourado,0
,Jose Ivaldo Almeida Silva,Ze Ivaldo,0
Vasco da Gama S.a.f. - RJ,Jose Luis Rodriguez Bebanz,Puma Rodriguez,2
Palmeiras - SP,Jose Manuel Alberto Lopez,Lopez,18
Corinthians - SP,Jose Paulo Bezerra Maciel Junior,Paulinho,15
Palmeiras - SP,Jose Rafael Vivian,Ze Rafael,8
Tombense - MG,Jose Ricardo Araujo Fernandes,Zé Ricardo,0
Cuiabá Saf - MT,Jose Ricardo Batista Cerqueira,RICARDO,0
Santos - SP,Jose Rodolfo Pires Ribeiro,Dodo,0
Fortaleza - CE,Jose Romario Silva de Souza,Romarinho,11
Vasco da Gama S.a.f. - RJ,Jose Vitor Geminiano Cavalieri,Zé Vitor,0
Flamengo - RJ,Jose Welinton Campos Menezes,Zé Welinton,39
Fortaleza - CE,José Welison da Silva,Welison,17
Grêmio - RS,Josue Souza dos Santos,Josue,0
Vila Nova - GO,Juan Christian Pereira Coelho,Juan Christian,0
Grêmio - RS,Juan Manuel Iturbe Arevalos,Iturbe,0
Fortaleza - CE,Juan Martin Lucero,Lucero,9
Cuiabá Saf - MT,Juan Pablo Vilela Tavares,Juan Tavares,0
America Saf - MG,Juan Ramon Cazares Sevillano,Cazares,0
São Paulo - SP,Juan Santos da Silva,Juan,31
Goiás - GO,Julian Eduardo Palacios,Julian,10
Mirassol - SP,Julimar Silva Oliveira Junior,Julimar,0
America Saf - MG,Julio Cesar Alves Gonçalves,Julio,0
Bahia - BA,Julio Cesar de Rezende Miranda,Rezende,0
Santos - SP,Julio Cesar Furch,Julio Furch,0
Fluminense - RJ,Julio Cesar Lima Fidelis,Julio Fidelis,0
Cruzeiro Saf - MG,Kaiki Bruno da Silva,Kaiki Bruno,16
Palmeiras - SP,Kaiky Marques Naves,Kaiky,34
Coritiba S.a.f. - PR,Kaio Cesar Andrade Lima,Kaio Lima,0
Palmeiras - SP,Kaique Pereira Azarias,Kaique,51
Athletico Paranaense - PR,Kaique Rocha Lima,Kaique,0
America Saf - MG,Kaua Diniz Rocha,kaua,0
Fluminense - RJ,Kauã Elias Nogueira,Kauã Elias,0
Internacional - RS,Kauan Jesus Santos Oliveira,Kauan,0
Red Bull Bragantino - SP,Kauan Martins Chagas,Kauan,0
Fortaleza - CE,Kauan Rodrigues da Silva,Kauan,0
Palmeiras - SP,Kauan Santos Silva,Kauan Santos,0
Atlético Mineiro - MG,Kauan Silva Sales,KAUAN,0
Botafogo - RJ,Kauê Rodrigues Pessanha,Kauê,0
Corinthians - SP,Kauê Vinicius de Souza Camargo,KAUÊ C.,0
Red Bull Bragantino - SP,Kawe Ferreira Godoy Viana,Kawe,0
Corinthians - SP,Kayke Ferrari Guimaraes,Kayke,0
Botafogo - RJ,Kayke Gouvêa Queiroz,KAYKE,0
,Kayky da Silva Chagas,Kayky Chagas,0
Fluminense - RJ,Kayky Henrique Almeida Brandão da Silva,Kayky Almeida,0
,Kayque Luiz Pereira,Kayque,0
Atlético Mineiro - MG,Kayque Ryann Santos Silva,KAYQUE,0
Internacional - RS,Keiller da Silva Nunes,Keiller,1
Bahia - BA,Kennedy Anderson Gomes Ferreira,Kennedy,0
Fortaleza - CE,Kervin Mario Andrade Navarro,Kervin,0
,Kevin Joel Lomonaco,Kevin,0
Palmeiras - SP,Kevin Santos Lopes de Macedo,Kevin,0
Fluminense - RJ,Kevyn Vinicius Medeiros de Freitas,Kevyn,0
Santos - SP,Kevyson Costa E Silva,Kevyson,0
,Khellven Douglas Silva Oliveira,Khellven,0
Fluminense - RJ,Leanderson da Silva Genesio,Lelê,99
America Saf - MG,Leandro Emmanuel Martinez,Emmanuel Martinez,5
Athletico Paranaense - PR,Leandro Filipe de Almeida Dornelles,Filipe,0
Atlético Mineiro - MG,Leandro Josue Rodriguez Santaella,Leandro,0
São Paulo - SP,Leandro Mathias Silva Bueno,Leandro,0
Vasco da Gama S.a.f. - RJ,Leandro Viana da Silva Gama,Leandro Viana,0
Athletico Paranaense - PR,Leonardo Ataide de Oliveira Siqueira,Ataide,0
Cuiabá Saf - MT,Leonardo Augusto de Oliveira,Leo Oliveira,0
Fluminense - RJ,Leonardo Cecilio Fernandez Lopez,Leo Fernandez,0
Vasco da Gama S.a.f. - RJ,Leonardo Cesar Jardim,Leo Jardim,1
Bahia - BA,Leonardo Cittadini,Cittadini,0
Palmeiras - SP,Leonardo de Azevedo Silva,Leonardo,0
Fluminense - RJ,Leonardo de Oliveira Jance,Leonardo,0
Athletico Paranaense - PR,Leonardo Derik Dias Goncalves,Leonardo Derik,0
Atlético Mineiro - MG,Leonardo dos Santos Lopes da Silva,Leonardo Santos,0
Athletico Paranaense - PR,Leonardo Estigarribia Ferreira,Dourado,0
Vasco da Gama S.a.f. - RJ,Leonardo Gomes da Silva Jaco,Leonardo,0
Red Bull Bragantino - SP,Leonardo Javier Realpe Montaño,Léo Realpe,2
Corinthians - SP,Leonardo Mana Hernandes,Léo Mana,0
Athletico Paranaense - PR,Leonardo Matias Baiersdorf Linck,Leo Linck,23
Flamengo - RJ,Leonardo Pereira,Leo Pereira,4
Vasco da Gama S.a.f. - RJ,Leonardo Pinheiro da Conceicao,Léo,3
Red Bull Bragantino - SP,Leonardo Rech Ortiz,Léo Ortiz,0
Botafogo - RJ,Leonel Di Placido,Di Placido,24
Grêmio - RS,Lian dos Santos da Silva,Lian,0
Flamengo - RJ,Lorran Lucas Pereira de Sousa,Lorran,0
Red Bull Bragantino - SP,Luan Candido de Almeida,Luan Candido,0
,Luan de Campos Cristino da Silva,LUAN,0
Londrina - PR,Luan de Freitas Molarinho Chagas,Luan Freitas,0
Santos - SP,Luan Dias da Silva,Luan,97
Palmeiras - SP,Luan Garcia Teixeira,Luan Garcia,13
Grêmio - RS,Luan Guilherme de Jesus Vieira,Luan,0
Internacional - RS,Luan Jesus Mendes de Lima,Luan,0
Red Bull Bragantino - SP,Luan Patrick Wiedthauper,Luan Patrick,30
Coritiba S.a.f. - PR,Luan Polli Gomes,Luan Polli,0
São Paulo - SP,Luan Vinicius da Silva Santos,Luan Silva,8
Vasco da Gama S.a.f. - RJ,Luca Nicolas Orellano,Orellano,14
Grêmio - RS,Lucas Agustin Besozzi,Besozzi,0
Red Bull Bragantino - SP,Lucas Alexandre Galdino de Azevedo,Lucão,40
Bahia - BA,Lucas Andres Mugni,Mugni,0
Athletico Paranaense - PR,Lucas Angel Esquivel,Lucas Esquivel,0
Athletico Paranaense - PR,Lucas Belezi Barbosa,Lucas Belezi,0
Santos - SP,Lucas Braga Ribeiro,Lucas,21
Botafogo - SP,Lucas Cardoso Moreira,Lucas Cardoso,0
Cruzeiro Saf - MG,Lucas da Cruz Oliveira,Lucas Oliveira,26
Cruzeiro Saf - MG,Lucas da Cruz Oliveira,Lucas Oliveira,6
Cuiabá Saf - MT,Lucas da Silva Izidoro,Lucas,0
Fluminense - RJ,Lucas da Silva Justen,Justen,0
Fortaleza - CE,Lucas de Figueiredo Crispim,Lucas Crispim,10
Internacional - RS,Lucas de Ramos Silveira,Lucas Ramos,15
Red Bull Bragantino - SP,Lucas de Souza Cunha,Lucas Cunha,0
,Lucas Domingues Piazon,Lucas,0
Vasco da Gama S.a.f. - RJ,Lucas Eduardo de Souza Oliveira,Lucas Eduardo,0
Grêmio - RS,Lucas Eduardo Muller,Mila,45
Goiás - GO,Lucas Eduardo Ribeiro de Souza,Edu,43
Aparecida Esporte Clube - GO,Lucas Emmanuel Araujo Macedo,LUCAS,0
Botafogo - RJ,Lucas Estella Perri,Lucas Perri,12
Atlético - GO,Lucas Esteves Souza,Lucas Esteves,0
Red Bull Bragantino - SP,Lucas Evangelista Santana de Oliveira,Evangelista,8
Botafogo - RJ,Lucas Fernandes da Silva,Lucas,18
Vasco da Gama S.a.f. - RJ,Lucas Figueiredo dos Santos,Figueiredo,15
Botafogo - RJ,Lucas Fonseca Gomes Barreto,Lucas,18
Goiás - GO,Lucas Halter,Halter,3
Coritiba S.a.f. - PR,Lucas Henrique Barbosa,Lucas,0
America Saf - MG,Lucas Kal Schenfeld Prigioli,Lucas,21
São Paulo - SP,Lucas Lopes Beraldo,Beraldo,35
Bahia - BA,Lucas Mazdiel Aruba Santos,Aruba,0
Fortaleza - CE,Lucas Pacheco Affini,Lucas,88
,Lucas Pires Silva,Lucas Pires,0
Vasco da Gama S.a.f. - RJ,Lucas Piton Crivellaro,Lucas Piton,36
Vasco da Gama S.a.f. - RJ,Lucas Piton Crivellaro,Lucas Piton,6
Santos - SP,Lucas Rafael Araujo Lima,Lucas Lima,23
Red Bull Bragantino - SP,Lucas Rafael Gonçalves da Silva,Lucas Rafael,0
São Paulo - SP,Lucas Rodrigues Moura da Silva,Lucas,0
Coritiba S.a.f. - PR,Lucas Ronier Vieira Pires,LUCAS RONIER,0
Cruzeiro Saf - MG,Lucas Silva Borges,Lucas Silva,0
Corinthians - SP,Lucas Verissimo da Silva,Lucas Verissimo,0
Internacional - RS,Lucca Holanda Sampaio Tavares,Lucca,45
Athletico Paranaense - PR,Lucca Prior Pimenta,Lucca,0
Bahia - BA,Luciano Batista da Silva Junior,Luciano Juba,0
Cruzeiro Saf - MG,Luciano Castan da Silva,Luciano Castan,4
São Paulo - SP,Luciano da Rocha Neves,Luciano,10
Athletico Paranaense - PR,Luciano Daniel Arriagada Garcia,Luciano Arriagada,0
Palmeiras - SP,Luighi Hanri Sousa Santos,Luighi,0
Grêmio - RS,Luis Alberto Suarez Diaz,Suarez,9
Red Bull Bragantino - SP,Luis Antonio da Rocha Junior,J. Capixaba,29
Sport - PE,Luis Antonio Ferreira Rodrigues,Luis,0
Fortaleza - CE,Luis Eduardo Marques dos Santos,Dudu,0
Grêmio - RS,Luis Eduardo Soares da Silva,Cuiabano,0
Goiás - GO,Luis Felipe Nascimento Miranda,Mina,0
Goiás - GO,Luis Felipe Oyama,Luis,0
Fluminense - RJ,Luis Fernando Santos da Silva,Luis Fernando,0
Cruzeiro Saf - MG,Luis Fernando Santos Oliveira,Luis Fernando,0
,Luis Geovanny Segovia Vega,Luis Segovia,0
Palmeiras - SP,Luis Guilherme Lira dos Santos,Luis Guilherme,31
Cuiabá Saf - MT,Luis Henrique Fonseca Soares,Luis,0
Grêmio - RS,Luis Henrique Hoffmann,Zinho,48
Botafogo - RJ,Luis Henrique Tomaz de Lima,Luis Henrique,11
,Luis Manuel Orejuela Garcia,Orejuela,0
Internacional - RS,Luiz Adriano Souza da Silva,Luiz Adriano,9
Flamengo - RJ,Luiz de Araujo Guimaraes Neto,Luiz,0
Goiás - GO,Luiz Diallisson de Souza Alves,Apodi,22
Atlético - GO,Luiz Felipe do Nascimento dos Santos,Luiz Felipe,0
Cuiabá Saf - MT,Luiz Felipe Mathias Silva,Silva,0
Athletico Paranaense - PR,Luiz Fernando Salles de Castro,Sorriso,0
Cruzeiro Saf - MG,Luiz Filipe da Rosa Machado,Filipe Machado,23
Sao Bernardo Fc - SP,Luiz Filipe dos Reis Silva,Luiz Filipe,0
Corinthians - SP,Luiz Gustavo Lemos Carvalho,Luiz Gustavo,0
Vasco da Gama S.a.f. - RJ,Lyncon Correa Gonçalves,Lyncon,0
Athletico Paranaense - PR,Madson Ferreira dos Santos,Madson,22
Goiás - GO,Magno Jose da Silva,Magno Jose,2
Vasco da Gama S.a.f. - RJ,Maicon Pereira Roque,Maicon,0
Fluminense - RJ,Manoel Messias Silva Carvalho,Manoel,26
Vasco da Gama S.a.f. - RJ,Manuel Vicente Capasso,Capasso,22
Bahia - BA,Marcello Gesteira de Souza,Marcello,0
Red Bull Bragantino - SP,Marcelo Braz da Silva,Marcelo,0
Athletico Paranaense - PR,Marcelo Cirino da Silva,Marcelo Cirino,0
Fortaleza - CE,Marcelo da Conceiçao Benevenuto Malaquias,Marcelo,5
Palmeiras - SP,Marcelo Lomba do Nascimento,Marcelo Lomba,42
Goiás - GO,Marcelo Rangel Rosa,Rangel,88
Fluminense - RJ,Marcelo Vieira da Silva Junior,Marcelo,0
Fluminense - RJ,Marcilio Florencio Mota Filho,Nino,33
America Saf - MG,Marcio Almeida de Oliveira,Marcinho,25
São Paulo - SP,Marcio Rafael Ferreira de Souza,Rafinha,13
Coritiba S.a.f. - PR,Marco Antonio Amorim de Oliveira Montes,Marcão,0
Athletico Paranaense - PR,Marcos Andre Paulino Maia,Marcão,0
Fluminense - RJ,Marcos da Silva Franca,Keno,11
Bahia - BA,Marcos Felipe de Freitas Monteiro,Marcos Felipe,0
Santos - SP,Marcos Leonardo Santos Almeida,Marcos Leonardo,9
Palmeiras - SP,Marcos Luis Rocha Aquino,Marcos Rocha,2
São Paulo - SP,Marcos Paulo Costa do Nascimento,Marcos Paulo,32
Flamengo - RJ,Marcos Paulo Lima Batista Silva,Marcos Paulo,0
Bahia - BA,Marcos Victor Ferreira da Silva,Marcos Victor,0
Red Bull Bragantino - SP,Marcos Vinicios Lopes Moura,Sorriso,27
Atlético Mineiro - MG,Mariano Ferreira Filho,Mariano,25
Fortaleza - CE,Mario Sergio Santos Costa,Marinho,0
Cuiabá Saf - MT,Marllon Goncalves Jeronimo Borges,Marllon,4
Vasco da Gama S.a.f. - RJ,Marlon dos Santos Pinto,Marlon,0
Vasco da Gama S.a.f. - RJ,Marlon Gomes Claudino,Marlon Gomes,25
America Saf - MG,Marlon Matheus Lopes do Nascimento,Marlon,6
Botafogo - RJ,Marlon Rodrigues Freitas,Marlon Freitas,17
Cruzeiro Saf - MG,Marlon Rodrigues Xavier,Marlon,3
Fluminense - RJ,Marlon Santos da Silva Barbosa,Marlon Santos,0
São Paulo - SP,Marques Rickelme Cabral Barbosa,Marques Rickelme,0
,Marrony da Silva Liberato Silveira,Marrony,0
America Saf - MG,Martin Nicolas Benitez,Martin Benitez,0
Botafogo - RJ,Mateo Ponte Costa,Mateo Ponte,0
Vasco da Gama S.a.f. - RJ,Mateus Carvalho dos Santos,Mateus Carvalho,0
Cuiabá Saf - MT,Mateus da Silva Duarte,Matheusinho,98
Cruzeiro Saf - MG,Mateus da Silva Vital Assumpção,Mateus,7
,Mateus Dias Lima,Mateusão,0
Bahia - BA,Mateus Eduardo Claus,Mateus Claus,0
Vitória - BA,Mateus Goncalves Martins,Mateus Gonçalves,0
America Saf - MG,Mateus Henrique Alves Silva,Mateus,14
Atlético Mineiro - MG,Mateus Jose Iseppe,Mateus Iseppe,0
Palmeiras - SP,Mateus Oliveira Mendes,Mateus Oliveira,0
America Saf - MG,Mateus Pasinato,Mateus,14
Cuiabá Saf - MT,Matheus Alexandre Anastacio de Souza,Matheus Alexandre,2
Goiás - GO,Matheus Alves da Silva Cardoso,Matheus Alves,0
Bahia - BA,Matheus Bahia Santos,Matheus Bahia,0
Goiás - GO,Matheus Barcelos da Silva,Matheus Babi,0
Corinthians - SP,Matheus Correa Leite de Moraes Gonçalves,Matheus Corrêa,0
Flamengo - RJ,Matheus Cunha Queiroz,Matheus Cunha,25
Corinthians - SP,Matheus de Araujo Andrade,Matheus Araujo,30
Fluminense - RJ,Matheus dos Reis Francisco,Matheus Reis,0
Internacional - RS,Matheus dos Santos Dias,Matheus,41
Vasco da Gama S.a.f. - RJ,Matheus dos Santos Miranda,Miranda,35
Athletico Paranaense - PR,Matheus Felipe Santos Nascimento,Matheus Felipe,42
Cruzeiro Saf - MG,Matheus Fellipe Costa Pereira,Matheus Pereira,0
Red Bull Bragantino - SP,Matheus Fernandes Siqueira,Matheus Fernandes,35
America Saf - MG,Matheus Fernando Cavichioli,Matheus,1
,Matheus França de Oliveira,Matheus França,0
Flamengo - RJ,Matheus Franca Silva,Matheuzinho,0
Vasco da Gama S.a.f. - RJ,Matheus Gabriel Julião Damasceno,Matheus,0
Red Bull Bragantino - SP,Matheus Gonçalves Martins,Matheus Gonçalves,0
Coritiba S.a.f. - PR,Matheus Henrique Bianqui,Matheus,0
Cruzeiro Saf - MG,Matheus Isaias dos Santos,Matheus,18
Cuiabá Saf - MT,Matheus Jorge Martins dos Santos,Matheus Jorge,0
São Paulo - SP,Matheus Jose Belem de Souza,Matheus,0
America Saf - MG,Matheus Leonardo Sales Cardoso,Matheusinho,7
Corinthians - SP,Matheus Lima Beltrao Oliveira,Matheus Bidu,21
Fluminense - RJ,Matheus Martinelli Lima,Martinelli,0
Atlético Mineiro - MG,Matheus Mendes Werneck de Oliveira,Matheus Mendes,31
Botafogo - RJ,Matheus Nascimento de Paula,Matheus Nascimento,0
Corinthians - SP,Matheus Planelles Donelli,Matheus Donelli,0
Mirassol - SP,Matheus Santos Soares,Matheus,0
Atlético - GO,Matheus Vieira Campos Peixoto,Matheus Peixoto,0
Grêmio - RS,Mathias Adalberto Villasanti Rolon,Villasanti,20
Botafogo - RJ,Matias Emanuel Segovia Torales,Matias Segovia,19
Club Atletico Talleres - RJ,Matias Galarza Fonda,Matias Galarza,0
Corinthians - SP,Matias Nicolas Rojas Romero,Matias Rojas,0
Internacional - RS,Matteo Amaral Amoroso dos Santos,Matteo,0
Coritiba S.a.f. - PR,Mauricio de Carvalho Antonio,Mauricio,0
Coritiba S.a.f. - PR,Mauricio Garcez de Jesus,MAURICIO,0
Fortaleza - CE,Mauricio Kozlinski,Mauricio Kozlinski,30
Internacional - RS,Mauricio Magalhaes Prado,Mauricio,27
,Mauro Joel Carli,Carli,0
Santos - SP,Maximiliano Joaquin Silvera Cabo,Maximiliano,0
Red Bull Bragantino - SP,Maycon Cleiton de Paula Azevedo,Maycon,12
Corinthians - SP,Maycon de Andrade Barberan,Maycon,7
Cruzeiro Saf - MG,Maycon Vinicius Ferreira da Cruz,Nikao,10
Palmeiras - SP,Mayke Rocha de Oliveira,Mayke,0
Santos - SP,Messias Rodrigues da Silva Junior,Messias,24
Palmeiras - SP,Michel Augusto Modesto Rafael dos Santos,Michel,0
São Paulo - SP,Michel Daryl Araujo Villar,Michel Araujo,15
Santos - SP,Miguel Angel Terceros Acuna,Miguel,47
,Miguel David Terans Perez,David Terans,0
America Saf - MG,Mikael Filipe Viana de Sousa,MIKAEL,87
,Moises Vieira da Veiga,Moises,0
,Murillo Santiago Costa dos Santos,Murillo,0
Palmeiras - SP,Murilo Cerqueira Paim,Murilo,26
Athletico Paranaense - PR,Mycael Pontes Moreira,Mycael,0
São Paulo - SP,Nahuel Adolfo Ferraresi Hernandez,Ferraresi,0
Grêmio - RS,Nata Felipe de Amorim Santos,Nata,36
,Natan Bernardo de Souza,Natan,0
America Saf - MG,Natan Rodrigues de Sales,Natan,0
Coritiba S.a.f. - PR,Natanael Moreira Milouski,Natanael Milouski,0
Grêmio - RS,Nathan Allan de Souza,Nathan,7
Red Bull Bragantino - SP,Nathan Camargo dos Santos,Nathan Camargo,0
São Paulo - SP,Nathan Gabriel de Souza Mendes,Nathan,45
Abc - RN,Nathan Melo Silva,Nathan,0
Grêmio - RS,Nathan Ribeiro Fernandes,Nathan,7
,Nathan Santos de Araújo,Nathan,0
,Nathanael Ananias da Silva,Nathan Silva,0
Bahia - BA,Neuciano de Jesus Gusmao,Cicinho,0
Botafogo - RJ,Newton Araujo da Costa Junior,Newton,0
Bahia - BA,Nicolas Brian Acevedo Tabarez,Acevedo,0
Ceará - CE,Nicolas Godinho Johann,Nicolas,0
Internacional - RS,Nicolas Hernandez Rodriguez,Nicolas Hernandez,22
Cuiabá Saf - MT,Nicolas Quagliata Platero,Nicolas,25
America Saf - MG,Nicolas Vichiatto da Silva,Nicolas,30
Cuiabá Saf - MT,Nilton Amador de Oliveira Filho,Nilton,0
America Saf - MG,Oscar Javier Mendez Albornoz,Javier Mendez,0
Cruzeiro Saf - MG,Otavio Eleodoro Rezende Costa,OTAVIO,0
Atlético Mineiro - MG,Otavio Henrique Passos Santos,Otavio,5
,Pablo Daniel Ceppelini Gatto,Pablo Ceppelini Gatto,0
Vasco da Gama S.a.f. - RJ,Pablo de Paula Cardoso,Pablo de Paula,0
Vasco da Gama S.a.f. - RJ,Pablo Ezequiel Vegetti,Vegetti,0
Athletico Paranaense - PR,Pablo Felipe Teixeira,Pablo,92
São Paulo - SP,Pablo Gonçalves Maia Fortunato,Pablo,29
Cuiabá Saf - MT,Pablo Henrique Almeida Silva,PABLO,0
Flamengo - RJ,Pablo Nascimento Castro,Pablo,30
Atlético Mineiro - MG,Paolo Mauricio Lemos Merladett,Muricio Lemos,28
Atlético Mineiro - MG,Patrick Bezerra do Nascimento,Patrick,49
Vasco da Gama S.a.f. - RJ,Patrick de Lucca Chaves de Oliveira,de Lucca,0
,Patrick Paixão Sumas Costa,Patrick,0
Bahia - BA,Patrick Verhon Pertel Pereira,Patrick Verhon,0
São Paulo - SP,Patryck Lanza dos Reis,Patryck,36
Bahia - BA,Paulo Ganem Souto Neto,Paulo Souto,0
Fluminense - RJ,Paulo Henrique Chagas de Lima,PH GANSO,10
Vasco da Gama S.a.f. - RJ,Paulo Henrique de Oliveira Alves,Paulo Henrique,96
America Saf - MG,Paulo Henrique Pereira da Silva,Paulo,0
Atlético Mineiro - MG,Paulo Henrique Sampaio Filho,Paulinho,10
Vasco da Gama S.a.f. - RJ,Paulo Lucas Santos de Paula,Paulinho,29
Santos - SP,Paulo Mazoti Azevedo,Paulo,0
America Saf - MG,Paulo Ricardo Alves Ibelli,PAULO,0
Vasco da Gama S.a.f. - RJ,Paulo Ricardo de Souza Babilonia,Paulinho,29
Ceará - CE,Paulo Victor de Almeida Barbosa,Paulo Victor,0
Cruzeiro Saf - MG,Paulo Vitor Fernandes Pereira,Paulo Vitor,0
Atlético Mineiro - MG,Paulo Vitor Monteiro,Vitinho,0
Fortaleza - CE,Pedro Augusto Borges da Costa,Pedro,0
Fluminense - RJ,Pedro Felipe de Faria Rangel,Pedro Rangel,22
America Saf - MG,Pedro Gabriel Pereira Lopes,Pedrinho,0
Flamengo - RJ,Pedro Guilherme Abreu dos Santos,Pedro,9
,Pedro Henrique Azevedo Pereira,Pedrinho,0
Santos - SP,Pedro Henrique Cunha Scaramussa,Pedro Henrique,0
Corinthians - SP,Pedro Henrique de Assis,Pedrinho,27
Flamengo - RJ,Pedro Henrique Fonseca de Araujo Martins,Pedrinho,0
Cruzeiro Saf - MG,Pedro Henrique Franklim da Silva,Pedrão,0
Internacional - RS,Pedro Henrique Konzen Medina da Silva,Pedro,28
Athletico Paranaense - PR,Pedro Henrique Ribeiro Goncalves,Pedro Henrique,34
Corinthians - SP,Pedro Henrique Silva dos Santos,Pedrinho,27
Goiás - GO,Pedro Junqueira de Oliveira,Pedrinho,0
,Pedro Lima Barros,Pedro Lima,0
Coritiba S.a.f. - PR,Pedro Luccas Morisco da Silva,Pedro Morisco,0
,Pedro Raul Garay da Silva,Pedro Raul,0
Fortaleza - CE,Pedro Rocha Neves,Pedro Rocha,0
Grêmio - RS,Pedro Tonon Geromel,Geromel,0
São Paulo - SP,Pedro Veronez Vilhena,Pedrinho,0
Bahia - BA,Pedro Victor da Silva Santos,Vitinho,0
Atlético Mineiro - MG,Pedro Victor Delmino da Silva,Pedrinho,38
Flamengo - RJ,Petterson Novaes Reis,Petterson,0
Botafogo - RJ,Philipe Sampaio Azevedo,Philipe,94
Goiás - GO,Philippe Almeida Costa,Philippe,90
Corinthians - SP,Rafael Antonio Figueiredo Ramos,Rafael Ramos,0
Cruzeiro Saf - MG,Rafael Bilu Mudesto,Bilu,31
Cruzeiro Saf - MG,Rafael Cabral Barbosa,Rafael Cabral,1
Cruzeiro Saf - MG,Rafael Elias da Silva,Rafael Papagaio,0
Avaí - SC,Rafael Gustavo Meneghel Gava,Rafael Gava,0
Fluminense - RJ,Rafael Monteiro Reis,Rafael Monteiro,0
,Rafael Navarro Leal,Rafael Navarro,0
Botafogo - RJ,Rafael Pereira da Silva,Rafael,2
São Paulo - SP,Rafael Pires Monteiro,Rafael,23
America Saf - MG,Rafael Raul Barcelos,Rafa,0
Bahia - BA,Rafael Rogerio da Silva,Rafael Ratão,0
Bahia - BA,Rafael Soares de Jesus,Rafael Soares,0
Botafogo - RJ,Rai da Silva Pessanha,RAI,75
São Paulo - SP,Rai dos Reis Ramos,Rai,34
Cruzeiro Saf - MG,Ramiro Moschen Benetti,Ramiro,17
Botafogo - RJ,Ramon Vargas de Jesus Farias,Ramon,0
Cuiabá Saf - MT,Raniele Almeida Melo,Raniele,14
Palmeiras - SP,Raphael Cavalcante Veiga,Raphael Veiga,0
Goiás - GO,Raphael Gregorio Guzzo,Raphael Guzzo,0
Bahia - BA,Raul Gustavo Pereira Bicalho,Raul Gustavo,0
Red Bull Bragantino - SP,Raul Lô Gonçalves,Raul,0
Vasco da Gama S.a.f. - RJ,Ray Breno Silva Valentim,Ray,0
Flamengo - RJ,Rayan Lucas Marques de Souza,Rayan Lucas,0
Vasco da Gama S.a.f. - RJ,Rayan Vitor Simplício Rocha,Rayan,0
Grêmio - RS,Reinaldo Manoel da Silva,Reinaldo,0
,Reinaldo Nascimento Satorno,Reinaldo,0
Cuiabá Saf - MT,Renan Carrasco Veltri,Renan,0
Atlético Mineiro - MG,Renan Cunha Macedo Santana,Renan,0
Athletico Paranaense - PR,Renan Rodrigues Fonseca Viana,Renan Viana,0
America Saf - MG,Renato Kayzer de Souza,Renato Kayzer,0
America Saf - MG,Renato Marques de Oliveira Junior,Renato,0
Corinthians - SP,Renato Santos da Cruz,Renato,0
Corinthians - SP,Renato Soares de Oliveira Augusto,Renato Augusto,0
Internacional - RS,Rene Rodrigues Martins,Rene,6
Santos - SP,Renyer Luan de Oliveira Damasceno,Renyer,0
Atlético Mineiro - MG,Renzo Saravia,Renzo Saravia,26
Atlético Mineiro - MG,Rever Humberto Alves de Araujo,Rever,4
Coritiba S.a.f. - PR,Reynaldo Cesar Moraes,Reynaldo,0
Cruzeiro Saf - MG,Rhuan Gabriel Rodrigues de Souza Silva,Rhuan Gabriel,0
Botafogo - RJ,Rhuan Lucas Gonçalves da Costa,RHUAN,0
Cuiabá Saf - MT,Rhyan Luca Carvalho de Arruda,RHYAN,0
America Saf - MG,Ricardo Cesar Dantas da Silva,Ricardo Silva,45
,Ricardo Goulart Pereira,Ricardo Goulart,0
Internacional - RS,Ricardo Mathias da Silva,Ricardo,0
,Richard Candido Coelho,Richard,0
Palmeiras - SP,Richard Rios Montoya,Richard Rios,27
Cuiabá Saf - MT,Rikelme Hernandes Amorim Rocha,RIKELME,0
Vasco da Gama S.a.f. - RJ,Riquelme de Carvalho Araujo Viana,Riquelme,0
Fortaleza - CE,Riquelme de Sousa Gomes Inacio,Riquelme,0
Palmeiras - SP,Riquelme Fillipi Marinho de Souza,Riquelme,0
Internacional - RS,Riquelmy de Oliveira Santos,Riquelmy,0
São Paulo - SP,Robert Abel Arboleda Escobar,Arboleda,5
Cruzeiro Saf - MG,Robert Vinicius Rodrigues Silva,Robert,0
Botafogo - RJ,Roberto Junior Fernandez Torres,Gatito Fernandes,0
Vasco da Gama S.a.f. - RJ,Robson Alves de Barros,Robson,30
Coritiba S.a.f. - PR,Robson dos Santos Fernandes,Robson,0
,Robson Luiz dos Santos Nascimento,Robson,0
Londrina - PR,Rodrigo Alves de Holanda Santos,Rodrigo,0
Atlético Mineiro - MG,Rodrigo Andrés Battaglia,Rodrigo Battaglia,21
Flamengo - RJ,Rodrigo Caio Coquette Russo,Rodrigo Caio,3
Coritiba S.a.f. - PR,Rodrigo Cunha Pereira de Pinho,Rodrigo,0
Grêmio - RS,Rodrigo Ely,R. Ely,0
Santos - SP,Rodrigo Fernandez Cedres,Rodrigo,14
Flamengo - RJ,Rodrigo Garcia de Lima Baz de Medeiros,Rodrigo,0
America Saf - MG,Rodrigo Henrique Santos de Souza,Rodrigo,0
São Paulo - SP,Rodrigo Huendra Almeida Mendonça,RODRIGUINHO,0
Internacional - RS,Rodrigo Modesto da Silva Moledo,Moledo,4
São Paulo - SP,Rodrigo Nestor Bertalia,Rodrigo Nestor,11
America Saf - MG,Rodrigo Santos Varanda,Rodrigo Varanda,0
Bahia - BA,Roger Gabriel Farias de Jesus,Roger,0
,Roger Krug Guedes,Roger Guedes,0
Bahia - BA,Roger Ruan Pereira Santos,Roger Pereira,0
Atlético Mineiro - MG,Romulo Helberte Pereira Junior,Rômulo,0
Athletico Paranaense - PR,Romulo Jose Cardoso da Cruz,Romulo,35
Internacional - RS,Romulo Zanre Zwarg,Romulo,40
Cuiabá Saf - MT,Ronald Barbosa Raposo,Ronald,8
,Ronald Barcellos Arantes,Ronald,0
Grêmio - RS,Ronald Cardoso Falkoski,Ronald,0
Cuiabá Saf - MT,Ronald dos Santos Lopes,Ronald,8
Corinthians - SP,Roni Medeiros de Moura,Roni,29
Palmeiras - SP,Ronielson da Silva Barbosa,Rony,0
Vasco da Gama S.a.f. - RJ,Rosicley Pereira da Silva,Rossi,0
Corinthians - SP,Ruan de Oliveira Ferreira,RUAN,0
Coritiba S.a.f. - PR,Ruan Lucas de Assis,Ruan Lucas,0
Cruzeiro Saf - MG,Ruan Matheus Rodrigues Santos,Ruan Matheus,0
Cruzeiro Saf - MG,Ruan Silva Fonseca,RUAN,0
Atlético Mineiro - MG,Rubens Antonio Dias,Rubens,44
,Rwan Philipe Rodrigues de Souza Cruz,Rwan,0
Bahia - BA,Ryan Carlos Santos de Sousa,Ryan,0
São Paulo - SP,Ryan Francisco Rodrigues dos Santos Silva,Ryan Francisco,0
Corinthians - SP,Ryan Gustavo de Lima,RYAN,0
Atlético - GO,Sammuel Queiroz de Freitas,Sammuel,0
America Saf - MG,Samuel Alves Barroso,SAMUEL ALVES,0
Fluminense - RJ,Samuel Xavier Brito,Samuel Xavier,2
Goiás - GO,Sander Henrique Bortolotto,Sander,6
Santos - SP,Sandry Roberto Santos Goes,Sandry,6
Coritiba S.a.f. - PR,Sebastian Gomez Londono,Sebastian Gomez,0
Vasco da Gama S.a.f. - RJ,Sergio Antonio da Luz Junior,Serginho,0
Internacional - RS,Sergio Ramon Rochet Alvarez,Rochet,0
Paysandu - PA,Severino do Ramo Clementino da Silva,Nino Paraiba,0
Goiás - GO,Sidimar Fernando Cigolini,Sidimar,4
Bahia - BA,Sidney de Carvalho Duarte,Sidney,0
Fortaleza - CE,Silvio Ezequiel Romero,Silvio Romero,18
Cruzeiro Saf - MG,Stenio Zanetti Toledo,Stênio,22
Goiás - GO,Tadeu Antonio Ferreira,Tadeu,23
Red Bull Bragantino - SP,Talisson de Almeida,Talisson,21
São Paulo - SP,Talles Macedo Toledo Costa,Talles Costa,0
São Paulo - SP,Talles Wander Santos Ribeiro,Talles,0
Cuiabá Saf - MT,Tarcisio Lopes Dionizio Muniz,Tarcisio,0
Cuiabá Saf - MT,Tauan Gabriel da Silva Santos,TAUAN,0
Bahia - BA,Thaciano Mickael da Silva,Thaciano,0
Coritiba S.a.f. - PR,Thalisson Gabriel Pereira Moreira,Thalisson Gabriel,0
Palmeiras - SP,Thalys Henrique Gomes de Araujo,THALYS,0
Internacional - RS,Thauan Lara dos Santos,THAUAN LARA,36
Grêmio - RS,Thiago Beltrame Stallbaum,Thiago Beltrame,0
Coritiba S.a.f. - PR,Thiago Dombroski Moreira,Thiago Dombroski,0
Fluminense - RJ,Thiago dos Santos,Thiago Santos,29
Athletico Paranaense - PR,Thiago Eduardo de Andrade,Thiago,19
Fortaleza - CE,Thiago Galhardo do Nascimento Rocha,Thiago Galhardo,91
Athletico Paranaense - PR,Thiago Heleno Henrique Ferreira,Thiago Heleno,44
Fluminense - RJ,Thiago Henrique Gonçalves Silva,Thiago,0
Flamengo - RJ,Thiago Maia Alencar,Thiago Maia,8
Red Bull Bragantino - SP,Thiago Nicolas Borbas Silva,Thiago Borbas,18
,Thomas Luciano Trindade Lopes Mathias,Thomas Luciano,0
Corinthians - SP,Thomas Rafael Gonçalves Lisboa,Thomas,0
Cuiabá Saf - MT,Thomas Ubisk da Silva,THOMAS,0
Bahia - BA,Tiago Gomes dos Santos,Tiago Gomes,0
Bahia - BA,Tiago Souza de Jesus Carvalho,Tiago,0
Cuiabá Saf - MT,Titto Teles Vasconcelos Mattos,TITTO,0
Fortaleza - CE,Tobias Pereira Figueiredo,Tobias,0
Santos - SP,Tomás Eduardo Rincón Hernández,Tomás Rincón,0
Athletico Paranaense - PR,Tomas Esteban Cuello,Cuello,28
Fortaleza - CE,Tomas Pochettino,Pochettino,7
Cuiabá Saf - MT,Uendel Pereira Goncalves,Uendel,0
Santos - SP,Uilson de Souza Paula Junior,Junior Caiçara,0
Botafogo - RJ,Valentín Nicolás Adamo Reyes,Valentín Adamo,0
Palmeiras - SP,Vanderlan Barbosa da Silva,Vanderlan,6
Vasco da Gama S.a.f. - RJ,Victor Araujo de Alencar Oliveira,Victor Araujo,0
Corinthians - SP,Victor Danilo Cantillo Jimenez,Cantillo,24
Corinthians - SP,Victor de Oliveira Souza Silva,Vitinho,0
,Victor Hugo da Silva Costa,Vitinho,0
Flamengo - RJ,Victor Hugo Gomes Silva,Victor Hugo,29
Bahia - BA,Victor Hugo Soares dos Santos,Kanu,0
Botafogo - RJ,Victor Leandro Cuesta,Victor Cuesta,15
Coritiba S.a.f. - PR,Victor Luis Chuab Zamblauskas,Victor,0
Cuiabá Saf - MT,Victor Matheus dos Santos Gonçalves,Victor Matheus,3
,Victor Yan Souza Santos,Victor Yan,0
Grêmio - RS,Viery Fernandes Santos Lopes,Viery,0
Bahia - BA,Vinicius Alessandro Mingotti,Mingotti,0
Ituano - SP,Vinicius Balieiro Lourenco de Carvalho,Vinicius,0
Corinthians - SP,Vinicius Cressi,Vinicius,0
Internacional - RS,Vinicius de Souza Alves,Vinicius Souza,0
Cuiabá Saf - MT,Vinicius Dorneles Teixeira,Vinicius Dorneles,0
,Vinicius dos Santos de Oliveira Paiva,Vinicius,0
,Vinicius Goes Barbosa de Souza,Vina,0
Pouso Alegre - MG,Vinicius Gonçalves Boff,Vinicius,0
Athletico Paranaense - PR,Vinicius Kaue Ribeiro Ferreira,Vinícius Kauê,0
Red Bull Bragantino - SP,Vinicius Mendonca Pereira,Vinicinho,0
Fluminense - RJ,Vinicius Moreira de Lima,Lima,45
Fortaleza - CE,Vinicius Nelson de Souza Zanocelo,Zanocelo,25
Cuiabá Saf - MT,Vinicius Pasquini Peruchi,PERUCHI,0
,Vinicius Rangel da Silva,Vinicius Rangel,0
Goiás - GO,Vinicius Rodrigues Adelino dos Santos,Vinicius,7
Goiás - GO,Vinicius Santos Silva,Vinicius,7
,Vinicius Silvestre da Costa,Vinicius,0
Cuiabá Saf - MT,Vinicius Teodoro Barreta Melo,Vinicius,26
Corinthians - SP,Vitor Alves Meer,Vitor Meer,0
Palmeiras - SP,Vitor de Oliveira Nunes dos Reis,Vitor Reis,0
Palmeiras - SP,Vitor dos Santos Figueiredo,Figueiredo,0
Internacional - RS,Vitor Eduardo da Silva Matos,Vitão,44
Fluminense - RJ,Vitor Eudes de Souza Costa,Vitor Eudes,98
Athletico Paranaense - PR,Vitor Frezarin Bueno,Vitor Bueno,8
Atlético Mineiro - MG,Vitor Gabriel Reis Guimaraes,Vitor Gabriel,0
Cruzeiro Saf - MG,Vitor Hugo Amorim de Assis,Vitor Hugo,0
Bahia - BA,Vitor Hugo Franchescoli de Souza,Vitor Hugo,0
Botafogo - RJ,Vitor Hugo Morais de Oliveira,Sapata,0
Red Bull Bragantino - SP,Vitor Hugo Naum dos Santos,Vitinho,0
Athletico Paranaense - PR,Vitor Hugo Roque Ferreira,Vitor Roque,9
Atlético Mineiro - MG,Vitor Hugo Santos Graziani,Vitor Graziani,0
Fluminense - RJ,Vitor Mendes Alves,Vitor Mendes,4
Santos - SP,Vladimir Orlando Cardoso de Araujo Filho,Vladimir,1
São Paulo - SP,Walce da Silva Costa Filho,Walce,0
Flamengo - RJ,Wallace Yan de Souza Barreto,Wallace Yan,0
Botafogo - RJ,Wallison Nunes Silva,Wallison,0
,Wallisson Luiz Alves Maximo,Wallisson,0
Grêmio - RS,Walter Kannemann,Kannemann,4
Cuiabá Saf - MT,Walter Leandro Capeloza Artune,Walter,1
Internacional - RS,Wanderson Maciel Sousa Campos,WANDERSON,11
America Saf - MG,Wanderson Santos Pereira,Wanderson,4
America Saf - MG,Washington Omar Aguerre Lima,Aguerre,0
São Paulo - SP,Welington Damascena Santos,Welington,0
Cuiabá Saf - MT,Wellington Alves da Silva,Wellington Silva,11
America Saf - MG,Wellington Pereira do Nascimento,Wellington Paulista,9
São Paulo - SP,Wellington Soares da Silva,Wellington Rato,27
Bahia - BA,Wendel Santana Franca,Wendel Canela,0
,Wendell Silva Santos dos Santos,Wendell,0
,Werik Silva Pinto,Werik Popó,0
Flamengo - RJ,Werton de Almeida Rego,Werton,0
Grêmio - RS,Wesley Costa da Silva,Wesley,0
Ituano - SP,Wesley da Conceicao Duarte Moreira,Wesley Pomba,0
Cruzeiro Saf - MG,Wesley David de Oliveira Andrade,Wesley,0
Red Bull Bragantino - SP,Wesley Gabriel Freire Arcanjo,Wesley,0
Corinthians - SP,Wesley Gassova Ribeiro Teixeira,Wesley,0
Cruzeiro Saf - MG,Wesley Ribeiro Silva,Wesley Ribeiro Silva,11
Flamengo - RJ,Wesley Vinicius França Lima,Wesley,43
Santos - SP,Weslley Pinto Batista,Weslley,0
Palmeiras - SP,Weverton Pereira da Silva,Weverton,21
Cruzeiro Saf - MG,Weverton Silva de Andrade,Weverton,0
Cruzeiro Saf - MG,William de Asevedo Furtado,William,12
São Paulo - SP,William Gomes Carvalho Santos,William,0
Athletico Paranaense - PR,Willian Gomes de Siqueira,Willian,11
Goiás - GO,Willian Osmar de Oliveira Silva,Willian Oliveira,12
Coritiba S.a.f. - PR,Willian Roberto de Farias,Willian Farias,0
Bahia - BA,Yago Felipe da Costa Rocha,Yago Felipe,0
America Saf - MG,Yago Santos de Andrade,Yago,0
America Saf - MG,Yago Souza de Santana,Yago,0
Atlético Mineiro - MG,Yan Philipe Oliveira Lemos,Yan Philipe,0
Red Bull Bragantino - SP,Yani David Quintero Rivas,Yani Quintero,0
Botafogo - RJ,Yarlen Faustino Augusto,YARLEN,0
Santos - SP,Yeferson Julio Soteldo Martinez,Yeferson Soteldo,10
Fluminense - RJ,Yony Alexander Gonzalez Copete,Yony Gonzalez,0
São Paulo - SP,Young Navarro Moraes,Yang,0
São Paulo - SP,Ythallo Ryckelm Rodrigues de Oliveira,Ythallo,0
Corinthians - SP,Yuri Alberto Monteiro da Silva,Yuri Alberto,9
